,title,genre,publisher,publishdate,magazine,url
0,The Multisensory Taste of Food ,Diet,Laura Otis Ph.D.,2022-01-23,Rethinking Thought,psychologytoday.com/intl/blog/rethinking-thought/202201/the-multisensory-taste-food
1,5 Darwinian-Infused Life Rules,Happiness,Glenn Geher Ph.D.,2022-01-23,Darwin's Subterranean World,psychologytoday.com/intl/blog/darwins-subterranean-world/202201/5-darwinian-infused-life-rules
2,"Fearful Attachment, Trauma, Social Anxiety, and Depression",Anxiety,Neighborhood Psychiatry & Wellness,2022-01-22,Psychiatry for the People,psychologytoday.com/intl/blog/psychiatry-the-people/202201/fearful-attachment-trauma-social-anxiety-and-depression
3,When and How Money Buys Happiness,Happiness,Arash Emamzadeh,2022-01-22,Finding a New Home,psychologytoday.com/intl/blog/finding-new-home/202201/when-and-how-money-buys-happiness
4, How to Create New Core Beliefs,Eating Disorders,"Carolyn C. Ross M.D., M.P.H.",2022-01-23,Real Healing,psychologytoday.com/intl/blog/real-healing/202201/how-create-new-core-beliefs
5,5 Couples Therapy Techniques to Try in Your Relationship ,Relationships,Rubin Khoddam Ph.D.,2022-01-23,The Addiction Connection,psychologytoday.com/intl/blog/the-addiction-connection/202201/5-couples-therapy-techniques-try-in-your-relationship
6,Brainless But Not Mindless ,Neuroscience,Thomas R. Verny M.D.,2022-01-23,Explorations of the Mind,psychologytoday.com/intl/blog/explorations-the-mind/202201/brainless-not-mindless
7,How Forgiveness Can Help the Grief Process in Gray Divorce ,Forgiveness,"Carol R. Hughes, Ph.D., LMFT, and Bruce R. Fredenburg, M.S., LMFT",2022-01-23,Home Will Never Be the Same Again,psychologytoday.com/intl/blog/home-will-never-be-the-same-again/202201/how-forgiveness-can-help-the-grief-process-in-gray
8,Do Repetitive Behaviors Reduce Anxiety?,Anxiety,Barbara Blatchley Ph.D.,2022-01-23,What Are the Chances?,psychologytoday.com/intl/blog/what-are-the-chances/202201/do-repetitive-behaviors-reduce-anxiety
9,"If You Can’t Taste the Sugar, Will You Stop Craving It? ",Diet,Judith J. Wurtman Ph.D.,2022-01-23,The Antidepressant Diet,psychologytoday.com/intl/blog/the-antidepressant-diet/202201/if-you-can-t-taste-the-sugar-will-you-stop-craving-it
10,The Psychology Behind Wordle ,Neuroscience,"Sebastian Ocklenburg, Ph.D.",2022-01-23,The Asymmetric Brain,psychologytoday.com/intl/blog/the-asymmetric-brain/202201/the-psychology-behind-wordle
11,You've Just Been Diagnosed with Migraine—Now What?,Health,Kathleen O’Shea,2022-01-23,So Much More Than a Headache,psychologytoday.com/intl/blog/so-much-more-headache/202201/youve-just-been-diagnosed-migraine-now-what
12,What Is the Greatest Harm to a Child?,Child Development,Darcia F. Narvaez Ph.D.,2022-01-23,Moral Landscapes,psychologytoday.com/intl/blog/moral-landscapes/202201/what-is-the-greatest-harm-child
13,The Psychology of Complexity,Intelligence,Derek Lusk Ph.D.,2022-01-23,Unnatural Selection,psychologytoday.com/intl/blog/unnatural-selection/202201/the-psychology-complexity
14,"To Promote Mental Wellness, Try Fit, Fitness, and Fairness ",Happiness,Isaac Prilleltensky Ph.D.,2022-01-23,Well-Being,psychologytoday.com/intl/blog/well-being/202201/promote-mental-wellness-try-fit-fitness-and-fairness
15,10 Core Beliefs of Personality Disorders,Personality,Anthony D. Smith LMHC,2022-01-23,Up and Running,psychologytoday.com/intl/blog/and-running/202201/10-core-beliefs-personality-disorders
16,7 Ways Mindfulness Can Improve Your Business ,Mindfulness,Camille Preston Ph.D.,2022-01-23,Mental Health in the Workplace,psychologytoday.com/intl/blog/mental-health-in-the-workplace/202201/7-ways-mindfulness-can-improve-your-business
17,Does Resentment or Anger Rule Your Home?,Anger,"Steven Stosny, Ph.D.",2022-01-23,Anger in the Age of Entitlement,psychologytoday.com/intl/blog/anger-in-the-age-entitlement/202201/does-resentment-or-anger-rule-your-home
18,Lessons Learned From a 3-Legged Rescue Mutt ,Animal Behavior,John-Tyler Binfet Ph.D.,2022-01-23,"Canines, Kids, and Kindness",psychologytoday.com/intl/blog/canines-kids-and-kindness/202201/lessons-learned-3-legged-rescue-mutt
19,Mind Your Theta: Achieving Theta Activity with Meditation,Health,"Ilene S. Ruhoy M.D., Ph.D.",2022-01-23,Your Neurology,psychologytoday.com/intl/blog/your-neurology/202201/mind-your-theta-achieving-theta-activity-meditation
20,A New Effort to Stop Human Trafficking,Law and Crime,Mitzi Perdue MPA,2022-01-23,To End Human Trafficking,psychologytoday.com/intl/blog/end-human-trafficking/202201/new-effort-stop-human-trafficking
21,The 3 Areas of Life Most Affected By Ignoring Your Emotions ,Self-Help,Jonice Webb Ph.D.,2022-01-23,Childhood Emotional Neglect,psychologytoday.com/intl/blog/childhood-emotional-neglect/202201/the-3-areas-life-most-affected-ignoring-your-emotions
22,"To Cure Sometimes, to Relieve Often, to Comfort Always",Aging,"L.S. Dugdale, MD",2022-01-23,The Lost Art,psychologytoday.com/intl/blog/the-lost-art/202201/cure-sometimes-relieve-often-comfort-always
23,Lessons from the Science of Bullsh*t,Ethics and Morality,"Robert J. Cramer, Ph.D.",2022-01-23,Through the Social Science Lens,psychologytoday.com/intl/blog/through-the-social-science-lens/202201/lessons-the-science-bullsht
24,Leveraging Your Brain to Reach a Healthier Weight,Diet,"Loriann Oberlin MS, LCPC",2022-01-23,The Full Picture,psychologytoday.com/intl/blog/the-full-picture/202201/leveraging-your-brain-reach-healthier-weight
25,How a Simple Word Game Became an Internet Sensation,Addiction,"Aditi Subramaniam, Ph.D.",2022-01-22,Parenting from a Neuroscience Perspective,psychologytoday.com/intl/blog/parenting-neuroscience-perspective/202201/how-simple-word-game-became-internet-sensation
26,Embrace Your Life and the Road You Choose to Take,Resilience,John-Manuel Andriote,2022-01-22,Stonewall Strong,psychologytoday.com/intl/blog/stonewall-strong/202201/embrace-your-life-and-the-road-you-choose-take
27,Learning to Live With PTSD and COVID-19,Self-Help,Shari Botwin LCSW,2022-01-22,Thriving After Trauma,psychologytoday.com/intl/blog/thriving-after-trauma/202201/learning-live-ptsd-and-covid-19
28,How Does Vagus Nerve Stimulation Reduce PTSD Symptoms?,Post-Traumatic Stress Disorder,Christopher Bergland,2022-01-22,The Athlete's Way ,psychologytoday.com/intl/blog/the-athletes-way/202201/how-does-vagus-nerve-stimulation-reduce-ptsd-symptoms
29,When Doing is Your Undoing: Toxic Productivity ,Career,Palena R. Neale Ph.D.,2022-01-22,Leading for Success,psychologytoday.com/intl/blog/leading-success/202201/when-doing-is-your-undoing-toxic-productivity
30,"During COVID-19, Your Social Media Bubble May Be Helping",Media,"Bradley Murray DPhil, MEd",2022-01-22,Real Happiness in a Digital World,psychologytoday.com/intl/blog/real-happiness-in-digital-world/202201/during-covid-19-your-social-media-bubble-may-be-helping
31,Remarkable Female Heroes of Bird Conservation ,Animal Behavior,Marc Bekoff Ph.D.,2022-01-22,Animal Emotions,psychologytoday.com/intl/blog/animal-emotions/202201/remarkable-female-heroes-bird-conservation
32,Tune Your Nervous System and Lower Anxiety,Anxiety,David Hanscom MD,2022-01-22,Anxiety: Another Name for Pain,psychologytoday.com/intl/blog/anxiety-another-name-pain/202201/tune-your-nervous-system-and-lower-anxiety
33,We Shouldn't Have to Be So Resilient ,Philosophy,Amanda Dodson LCSW,2022-01-13,Meaning Lost and Found,psychologytoday.com/intl/blog/meaning-lost-and-found/202201/we-shouldnt-have-be-so-resilient
34,How Goals Could Interfere With Sexual Mindfulness ,Motivation,"Chelom E. Leavitt, J.D./Ph.D.",2022-01-13,Sexual Mindfulness,psychologytoday.com/intl/blog/sexual-mindfulness/202201/how-goals-could-interfere-sexual-mindfulness
35,Live Better By Being More Present in the Moment ,Health,Angelica Attard Psy.D.,2022-01-13,Human Beings Being Human,psychologytoday.com/intl/blog/human-beings-being-human/202201/live-better-being-more-present-in-the-moment
36,How to Get Know-It-Alls Off Their High Horse,Politics,"Jeremy E. Sherman Ph.D., MPP",2022-01-13,Jerkology,psychologytoday.com/intl/blog/jerkology/202201/how-get-know-it-alls-their-high-horse
37,Nurses on the Frontlines of Behavioral Health,Psych Careers,Josephine Ensign DrPH,2022-01-13,Catching Homelessness,psychologytoday.com/intl/blog/catching-homelessness/202201/nurses-the-frontlines-behavioral-health
38,Why Did Violent Crime Surge in 2021?,Law and Crime,Michael Pittaro Ph.D.,2022-01-13,The Crime and Justice Doctor,psychologytoday.com/intl/blog/the-crime-and-justice-doctor/202201/why-did-violent-crime-surge-in-2021
39,A New Approach to Train the Brain to Treat Chronic Pain,Health,Dan Mager MSW,2022-01-13,Some Assembly Required,psychologytoday.com/intl/blog/some-assembly-required/202201/new-approach-train-the-brain-treat-chronic-pain
40,Zoom Yoga? How to Stop Worrying and Connect in the New Normal ,Media,Karen E. Dill-Shackleford Ph.D.,2022-01-13,How Fantasy Becomes Reality,psychologytoday.com/intl/blog/how-fantasy-becomes-reality/202201/zoom-yoga-how-stop-worrying-and-connect-in-the-new-normal
41,Does Having Expensive Things Make Someone More Attractive?,Evolutionary Psychology,Frank T. McAndrew Ph.D.,2022-01-13,Out of the Ooze,psychologytoday.com/intl/blog/out-the-ooze/202201/does-having-expensive-things-make-someone-more-attractive
42,"Misokinesia, Misophonia, and Mirror Neurons",Anxiety,"Jennifer J. Brout Psy.D, LPC",2022-01-13,Noises Off ,psychologytoday.com/intl/blog/noises/202201/misokinesia-misophonia-and-mirror-neurons
43,The 2 Ingredients for Understanding Cannabis ,Psychiatry,Timmen L. Cermak MD,2022-01-13,Healing from Addiction,psychologytoday.com/intl/blog/healing-addiction/202201/the-2-ingredients-understanding-cannabis
44,"ADHD Is All About Power, Paradox, and Pain",ADHD,Alex Dimitriu M.D.,2022-01-13,Psychiatry and Sleep,psychologytoday.com/intl/blog/psychiatry-and-sleep/202201/adhd-is-all-about-power-paradox-and-pain
45,What Is the Difference Between Guilt and Shame?,Embarrassment,F. Diane Barth L.C.S.W.,2022-01-13,Off the Couch,psychologytoday.com/intl/blog/the-couch/202201/what-is-the-difference-between-guilt-and-shame
46,Finding Home With Lena Scissorhands,Loneliness,Michael Friedman Ph.D.,2022-01-13,Brick by Brick,psychologytoday.com/intl/blog/brick-brick/202201/finding-home-lena-scissorhands
47,What’s the Secret Ingredient for Success Toward Your Goal?  ,Resilience,Ilene Berns-Zare PsyD,2022-01-13,Flourish and Thrive,psychologytoday.com/intl/blog/flourish-and-thrive/202201/what-s-the-secret-ingredient-success-toward-your-goal
48,What Does “Anxiety” Actually Mean? ,Anxiety,David Hanscom MD,2022-01-13,Anxiety: Another Name for Pain,psychologytoday.com/intl/blog/anxiety-another-name-pain/202201/what-does-anxiety-actually-mean
49,Why Are People Passive Aggressive?,Anger,Sarah Epstein LMFT,2022-01-13,Between the Generations,psychologytoday.com/intl/blog/between-the-generations/202201/why-are-people-passive-aggressive
50,"In the Presence of Older Bulls, Male Elephants Are Less Aggressive",Animal Behavior,Mary Bates Ph.D.,2022-01-13,Animal Minds,psychologytoday.com/intl/blog/animal-minds/202201/in-the-presence-older-bulls-male-elephants-are-less-aggressive
51,How Empathy Builds Connection and Confidence,Depression,Elizabeth Young,2022-01-13,Adaptations,psychologytoday.com/intl/blog/adaptations/202201/how-empathy-builds-connection-and-confidence
52,Pandemic Babies: Who Became Pregnant and Who Stopped Trying,Parenting,Susan Newman Ph.D.,2022-01-13,Singletons,psychologytoday.com/intl/blog/singletons/202201/pandemic-babies-who-became-pregnant-and-who-stopped-trying
53,What World Are You Living In?,Spirituality,Ben Bernstein Ph.D.,2022-01-13,Be Your Best,psychologytoday.com/intl/blog/be-your-best/202201/what-world-are-you-living-in
54,How to Manage Your Conflicted Feelings Better,Happiness,F. Michler Bishop Ph.D.,2022-01-13,Managing Addictions ,psychologytoday.com/intl/blog/managing-addictions/202201/how-manage-your-conflicted-feelings-better
55,Life Should Come First in Life-Work Balance,Stress,"Ludmila N. Praslova, Ph.D.",2022-01-13,Positively Different,psychologytoday.com/intl/blog/positively-different/202201/life-should-come-first-in-life-work-balance
56,Fish Learn to Drive a Fish-Mobile to Navigate Dry Land,Animal Behavior,Marc Bekoff Ph.D.,2022-01-13,Animal Emotions,psychologytoday.com/intl/blog/animal-emotions/202201/fish-learn-drive-fish-mobile-navigate-dry-land
57,Why Do Parents Get Upset When They See Their Children Upset?,Parenting,"Cara Goodwin, Ph.D.",2022-01-13,Parenting Translator,psychologytoday.com/intl/blog/parenting-translator/202201/why-do-parents-get-upset-when-they-see-their-children-upset
58,How Well Does Your Love Life Match Iconic Love Song Lyrics?,Relationships,Marty Nemko Ph.D.,2022-01-13,How To Do Life,psychologytoday.com/intl/blog/how-do-life/202201/how-well-does-your-love-life-match-iconic-love-song-lyrics
59,Oxygen Therapy for Moderate Depression,Depression,"Jeffrey Borenstein, M.D.",2022-01-13,Brain and Behavior,psychologytoday.com/intl/blog/brain-and-behavior/202201/oxygen-therapy-moderate-depression
60,Why Are Men Afraid of Being Controlled by Women?,Relationships,"Avrum Weiss, Ph.D.",2022-01-12,From Fear to Intimacy,psychologytoday.com/intl/blog/fear-intimacy/202201/why-are-men-afraid-being-controlled-women
61,3 Steps for Lowering Stress With ADHD,Stress,Sharon Saline Psy.D.,2022-01-12,On Your Way with ADHD,psychologytoday.com/intl/blog/your-way-adhd/202201/3-steps-lowering-stress-adhd
62,10 Upsides of Dating Someone in Recovery From BPD,Personality,Rebecca Rush,2022-01-22,Over The Borderline,psychologytoday.com/intl/blog/over-the-borderline/202201/10-upsides-dating-someone-in-recovery-bpd
63,Screen Time for Kids: Give Them What They Need,Child Development,Nir Eyal,2022-01-22,Automatic You,psychologytoday.com/intl/blog/automatic-you/202201/screen-time-kids-give-them-what-they-need
64,Could the Latest Word Game Really Train Your Brain?,Cognition,Susan Krauss Whitbourne Ph.D.,2022-01-22,Fulfillment at Any Age,psychologytoday.com/intl/blog/fulfillment-any-age/202201/could-the-latest-word-game-really-train-your-brain
65,Treating Allergic Reactions With Hypnosis,Therapy,Ran D. Anbar M.D.,2022-01-22,Understanding Hypnosis,psychologytoday.com/intl/blog/understanding-hypnosis/202201/treating-allergic-reactions-hypnosis
66,The Science of School Belonging,Relationships,Kelly-Ann Allen Ph.D.,2022-01-22,Sense of Belonging,psychologytoday.com/intl/blog/sense-belonging/202201/the-science-school-belonging
67,5 Elements of Writing,Social Life,Joachim I Krueger Ph.D.,2022-01-22,One Among Many,psychologytoday.com/intl/blog/one-among-many/202201/5-elements-writing
68,My New Year's Resolution as a Parent,Parenting,Ariane de Bonvoisin MBA,2022-01-21,Tools for Life,psychologytoday.com/intl/blog/tools-life/202201/my-new-years-resolution-parent
69,Mental Health in the Workplace,Work,Sara Canaday,2022-01-21,You (According to Them),psychologytoday.com/intl/blog/you-according-them/202201/mental-health-in-the-workplace
70,5 Steps For Becoming a Well and Balanced Mother,Parenting,Amber Thornton Psy.D,2022-01-21,The Balanced Working Mama,psychologytoday.com/intl/blog/the-balanced-working-mama/202201/5-steps-becoming-well-and-balanced-mother
71,Forgiveness: Reflections From History and Current Research,Forgiveness,Kate Gapinski Ph.D.,2022-01-21,Frame of Mind,psychologytoday.com/intl/blog/frame-mind/202201/forgiveness-reflections-history-and-current-research
72,Why Do We Say We Are Fine When We Are Not Fine? ,Happiness,Jason Whiting Ph.D.,2022-01-21,"Love, Lies and Conflict",psychologytoday.com/intl/blog/love-lies-and-conflict/202201/why-do-we-say-we-are-fine-when-we-are-not-fine
73,The Science of Novelty,Self-Help,Alane K. Daugherty Ph.D.,2022-01-21,Healing Stress from the Inside Out,psychologytoday.com/intl/blog/healing-stress-the-inside-out/202201/the-science-novelty
74,You Can Thrive With Anxiety,Anxiety,"David H. Rosmarin Ph.D., ABPP",2022-01-21,Thriving With Anxiety,psychologytoday.com/intl/blog/thriving-anxiety/202201/you-can-thrive-anxiety
75,How to Cope With Regret,Stress,Gina Simmons Schneider Ph.D.,2022-01-21,Frazzlebrain,psychologytoday.com/intl/blog/frazzlebrain/202201/how-cope-regret
76,Two Dreams Can Be Seen as One Conversation,Self-Help,Layne Dalfen,2022-01-21,Understanding Dreams,psychologytoday.com/intl/blog/understanding-dreams/202201/two-dreams-can-be-seen-one-conversation
77,A Missed Opportunity for Social Connection,Relationships,Natalie Kerr Ph.D.,2022-01-21,Social Influence,psychologytoday.com/intl/blog/social-influence/202201/missed-opportunity-social-connection
78,Children of Neglect and Emotional Abuse,Parenting,"Gail Gross Ph.D., Ed.D., M.Ed.",2022-01-21,Strategies for Living,psychologytoday.com/intl/blog/strategies-living/202201/children-neglect-and-emotional-abuse
79,How to Improve Your Vitality Even During COVID,Happiness,"Matthew S. Boone, LCSW, Jennifer A. Gregg, Ph.D., and Lisa W. Coyne, Ph.D.",2022-01-21,Stop Avoiding Stuff,psychologytoday.com/intl/blog/stop-avoiding-stuff/202201/how-improve-your-vitality-even-during-covid
80,"Empathy Can Drain You, but Compassion May Sustain You",Personality,Suzanne Degges-White Ph.D.,2022-01-21,Lifetime Connections,psychologytoday.com/intl/blog/lifetime-connections/202201/empathy-can-drain-you-compassion-may-sustain-you
81,Is Dognapping the Newest Wave of Criminal Behavior?,Animal Behavior,"Stanley Coren PhD., DSc, FRSC",2022-01-21,Canine Corner,psychologytoday.com/intl/blog/canine-corner/202201/is-dognapping-the-newest-wave-criminal-behavior
82,How to Manage Runaway Emotions,Happiness,Mark Travers Ph.D.,2022-01-21,Social Instincts,psychologytoday.com/intl/blog/social-instincts/202201/how-manage-runaway-emotions
83,Fascism Thrives on Misinformation,Politics,Paul Thagard Ph.D.,2022-01-21,Hot Thought,psychologytoday.com/intl/blog/hot-thought/202201/fascism-thrives-misinformation
84,Your Well-Being Is Your Responsibility,Happiness,"Carrie Caudill Ph.D., LPC",2022-01-21,Care for Your Psyche,psychologytoday.com/intl/blog/care-your-psyche/202201/your-well-being-is-your-responsibility
85,Stories in Our Brain,Neuroscience,"Anjan Chatterjee MD, FAAN",2022-01-21,"Brain, Behavior, and Beauty",psychologytoday.com/intl/blog/brain-behavior-and-beauty/202201/stories-in-our-brain
86,"Does ""Mass Formation Psychosis"" Really Exist?",Psychosis,Joe Pierre M.D.,2022-01-21,Psych Unseen,psychologytoday.com/intl/blog/psych-unseen/202201/does-mass-formation-psychosis-really-exist
87,How Handwriting Analysis Helps Diagnose Parkinson's Disease,Neuroscience,"A.J. Lees FRCP, FRCPEd, FMedsci",2022-01-21,Brainspotting,psychologytoday.com/intl/blog/brainspotting/202201/how-handwriting-analysis-helps-diagnose-parkinsons-disease
88,Why Taking Risks Is Critical for Creativity,Creativity,Anthony D. Fredericks Ed.D.,2022-01-21,Creative Insights,psychologytoday.com/intl/blog/creative-insights/202201/why-taking-risks-is-critical-creativity
89,The Highs and Lows of Early Motherhood,Parenting,Hillcrest Psychological Associates,2022-01-21,The Therapy Journey,psychologytoday.com/intl/blog/the-therapy-journey/202201/the-highs-and-lows-early-motherhood
90,How to Think: Cracking the Code,Cognition,Donalee Markus Ph.D.,2022-01-21,Designs for Strong Minds,psychologytoday.com/intl/blog/designs-strong-minds/202201/how-think-cracking-the-code
91,Is Gerrymandering Unraveling America’s Connectedness?,Politics,Michael J. Spivey Ph.D.,2022-01-21,Who You Are,psychologytoday.com/intl/blog/who-you-are/202201/is-gerrymandering-unraveling-america-s-connectedness
92,11 Causes of Irrational Risk Tolerance,Behavioral Economics,Marty Nemko Ph.D.,2022-01-21,How To Do Life,psychologytoday.com/intl/blog/how-do-life/202201/11-causes-irrational-risk-tolerance
93,Setting Goals for a Life Worth Living ,Motivation,Jeffrey Davis M.A.,2022-01-20,Tracking Wonder,psychologytoday.com/intl/blog/tracking-wonder/202201/setting-goals-life-worth-living
94,The Secret to 'Real Optimism' Is Revealed in Space Travel,Personality,"Craig B. Barkacs MBA, JD",2022-01-20,Power and Influence,psychologytoday.com/intl/blog/power-and-influence/202201/the-secret-real-optimism-is-revealed-in-space-travel
95,"Remote, Resourceful, and Resilient in the College Classroom ",Resilience,Mitchell M. Handelsman Ph.D.,2022-01-20,The Ethical Professor,psychologytoday.com/intl/blog/the-ethical-professor/202201/remote-resourceful-and-resilient-in-the-college-classroom
96,Are Adult Public Outbursts Here to Stay? ,Stress,"Thomas G. Plante Ph.D., ABPP",2022-01-20,Do the Right Thing ,psychologytoday.com/intl/blog/do-the-right-thing/202201/are-adult-public-outbursts-here-stay
97,From Shame to Mainstream: How Cuckolding Has Changed,Embarrassment,David J. Ley Ph.D.,2022-01-20,Women Who Stray,psychologytoday.com/intl/blog/women-who-stray/202201/shame-mainstream-how-cuckolding-has-changed
98,"Manic Spending Causes Anxiety, Particularly During Divorce",Divorce,"Lisa Zeiderman Esq., CFL",2022-01-20,Legal Matters,psychologytoday.com/intl/blog/legal-matters/202201/manic-spending-causes-anxiety-particularly-during-divorce
99,How Personal Narrative Can Inspire Us,Resilience,"Robert Goldman J.D., Psy.D.",2022-01-20,Building Resilient Minds,psychologytoday.com/intl/blog/building-resilient-minds/202201/how-personal-narrative-can-inspire-us
100,Prohibition and Accommodations for Addiction,Addiction,"John T. Maier Ph.D., MSW",2022-01-20,Philosophy and Therapy,psychologytoday.com/intl/blog/philosophy-and-therapy/202201/prohibition-and-accommodations-addiction
101,"4 Things to Know About Delta-8-THC, the New Cannabis Drug ",Addiction,Timmen L. Cermak MD,2022-01-20,Healing from Addiction,psychologytoday.com/intl/blog/healing-addiction/202201/4-things-know-about-delta-8-thc-the-new-cannabis-drug
102,Career Advice and Encouragement for College Students,Career,Frank T. McAndrew Ph.D.,2022-01-20,Out of the Ooze,psychologytoday.com/intl/blog/out-the-ooze/202201/career-advice-and-encouragement-college-students
103,Surviving a Narcissist's Smear Campaign in 5 Steps,Narcissism,"Kaytee Gillis, LCSW-BACS",2022-01-20,Invisible Bruises,psychologytoday.com/intl/blog/invisible-bruises/202201/surviving-narcissists-smear-campaign-in-5-steps
104,How to Have Great Conversations,Social Life,Mark Travers Ph.D.,2022-01-20,Social Instincts,psychologytoday.com/intl/blog/social-instincts/202201/how-have-great-conversations
105,Diagnosing Long-Term Sexual Dysfunction from SSRIs,SSRIs,Christopher Lane Ph.D.,2022-01-20,Side Effects,psychologytoday.com/intl/blog/side-effects/202201/diagnosing-long-term-sexual-dysfunction-ssris
106,The Latest on Co-Occurring Eating and Addiction Disorder,Addiction,Lantie Elisabeth Jorandby M.D.,2022-01-20,Use Your Brain,psychologytoday.com/intl/blog/use-your-brain/202201/the-latest-co-occurring-eating-and-addiction-disorder
107,CIA Skeptical of ‘Havana Syndrome’,Anxiety,Robert Bartholomew Ph.D.,2022-01-20,It's Catching,psychologytoday.com/intl/blog/its-catching/202201/cia-skeptical-havana-syndrome
108,It's National Human Trafficking Awareness Month,Education,Mackenzie Littledale,2022-01-20,From Margin to Mainstream,psychologytoday.com/intl/blog/margin-mainstream/202201/its-national-human-trafficking-awareness-month
109,Why You Should Befriend Your Emotions,Parenting,"Erin Walsh, M.A. and David Walsh, Ph.D.",2022-01-20,"Smart Parenting, Smarter Kids",psychologytoday.com/intl/blog/smart-parenting-smarter-kids/202201/why-you-should-befriend-your-emotions
110,The Origins of the Feast: Sharing a Meal,Evolutionary Psychology,"Gary Bernhard, Ed.D. and Kalman Glantz, Ph.D.",2022-01-20,Evolution in Daily Life,psychologytoday.com/intl/blog/evolution-in-daily-life/202201/the-origins-the-feast-sharing-meal
111,Living With Both ADHD and OCD,OCD,Mark Bertin M.D.,2022-01-20,Child Development Central ,psychologytoday.com/intl/blog/child-development-central/202201/living-both-adhd-and-ocd
112,We Sometimes Present or Believe Only the Positives in Life,Depression,Susan J. Noonan MD,2022-01-20,View From the Mist,psychologytoday.com/intl/blog/view-the-mist/202201/we-sometimes-present-or-believe-only-the-positives-in-life
113,Is It Time for the Four-Day Workweek?,Career,Victor Lipman,2022-01-20,Mind of the Manager,psychologytoday.com/intl/blog/mind-the-manager/202201/is-it-time-the-four-day-workweek
114,How Has Being “The Black Sheep” Impacted You?,Therapy,Annie Wright LMFT,2022-01-20,Making the Whole Beautiful,psychologytoday.com/intl/blog/making-the-whole-beautiful/202201/how-has-being-the-black-sheep-impacted-you
115,The Strange Allure of Blood Sports,Evolutionary Psychology,Nigel Barber Ph.D.,2022-01-20,The Human Beast,psychologytoday.com/intl/blog/the-human-beast/202201/the-strange-allure-blood-sports
116,"New to Polyamory? Think About Agreements, Not Rules",Relationships,"Martha Kauppi, LMFT, CST-S",2022-01-20,Relational Intimacy,psychologytoday.com/intl/blog/relational-intimacy/202201/new-polyamory-think-about-agreements-not-rules
117,How Big Is Your Emotional Vocabulary? ,Self-Help,William Hwang Psy.D.,2022-01-20,Flex Your Feelings,psychologytoday.com/intl/blog/flex-your-feelings/202201/how-big-is-your-emotional-vocabulary
118,What 20 Seconds of Hugging Can Do for You,Stress,Tracy P Alloway Ph.D.,2022-01-19,Keep It in Mind ,psychologytoday.com/intl/blog/keep-it-in-mind/202201/what-20-seconds-hugging-can-do-you
119,Behavioral Health Professionals as Community Advocates,Career,Atlanta Behavioral Health Advocates,2022-01-19,Outside the Box,psychologytoday.com/intl/blog/outside-the-box/202201/behavioral-health-professionals-community-advocates
120,The Difference Between Patience and Procrastination,Happiness,Elizabeth Young,2022-01-19,Adaptations,psychologytoday.com/intl/blog/adaptations/202201/the-difference-between-patience-and-procrastination
121,How Your Attachment Style Could Lead You Back to an Ex ,Attachment,Craig Harper Ph.D.,2022-01-19,Articles of Heterodoxy,psychologytoday.com/intl/blog/articles-heterodoxy/202201/how-your-attachment-style-could-lead-you-back-ex
122,How to Be Resilient in an Overwhelming World ,Cognition,"Lou Cozolino, Ph.D., Chloe Drulis, and Carly Samuelson",2022-01-19,Executive Functioning,psychologytoday.com/intl/blog/executive-functioning/202201/how-be-resilient-in-overwhelming-world
123,Why Is It So Hard to Leave a Narcissist? ,Narcissism,Lisa Firestone Ph.D.,2022-01-19,Compassion Matters,psychologytoday.com/intl/blog/compassion-matters/202201/why-is-it-so-hard-leave-narcissist
124,40 Years of Diagnostic Fads,Psychiatry,Mark Rego M.D.,2022-01-19,"Modern World, Modern Mind",psychologytoday.com/intl/blog/modern-world-modern-mind/202201/40-years-diagnostic-fads
125,Overcoming the Fear of Change,Self-Help,Abigail Fagan,2022-01-19,Brainstorm,psychologytoday.com/intl/blog/brainstorm/202201/overcoming-the-fear-change
126,What Is the Best Posture for Sleep?,Sleep,Michael J. Breus Ph.D.,2022-01-19,Sleep Newzzz,psychologytoday.com/intl/blog/sleep-newzzz/202201/what-is-the-best-posture-sleep
127,Psychobiotics Get Real: A Case Study,Depression,Scott C. Anderson,2022-01-19,Mood by Microbe,psychologytoday.com/intl/blog/mood-microbe/202201/psychobiotics-get-real-case-study
128,One of the Brain’s Biggest Mysteries Might Soon Be Solved,Neuroscience,Eric Haseltine Ph.D.,2022-01-19,"Long Fuse, Big Bang ",psychologytoday.com/intl/blog/long-fuse-big-bang/202201/one-the-brain-s-biggest-mysteries-might-soon-be-solved
129,The Relationship Lies We Tell Ourselves,Relationships,"Laura Pearl Spivack MS, RSW",2022-01-19,When Family Law Becomes Criminal ,psychologytoday.com/intl/blog/when-family-law-becomes-criminal/202201/the-relationship-lies-we-tell-ourselves
130,Me and My Emotions,Personality,Patrick De Vleeschauwer Drs.,2022-01-19,Fulfilling Our Highest Possibility,psychologytoday.com/intl/blog/fulfilling-our-highest-possibility/202201/me-and-my-emotions
131,3 Reasons Why People Lie to Their Therapists,Therapy,"Kaitlin Kertesz LICSW, RYT",2022-01-19,Lying to Your Therapist,psychologytoday.com/intl/blog/lying-your-therapist/202201/3-reasons-why-people-lie-their-therapists
132,7 Steps to Greater Resilience,Happiness,Ariadne Platero LMSW,2022-01-19,Reflect and Reset,psychologytoday.com/intl/blog/reflect-and-reset/202201/7-steps-greater-resilience
133,"Stalking, Its Victims, and Its Effects",Relationships,Mary Beth Wilkas Janke PsyD,2022-01-19,The Protector,psychologytoday.com/intl/blog/the-protector/202201/stalking-its-victims-and-its-effects
134,Why Veterans Feel Addicted to Combat ,Addiction,David Kendrick Jr.,2022-01-19,The Veteran's Corner,psychologytoday.com/intl/blog/the-veterans-corner/202201/why-veterans-feel-addicted-combat
135,College Students of Color: Overcoming Racial Disparities ,Race and Ethnicity,"Eugene Beresin M.D., M.A.",2022-01-19,"Inside Out, Outside In",psychologytoday.com/intl/blog/inside-out-outside-in/202201/college-students-color-overcoming-racial-disparities
136,Depression Rises in Germany Due to COVID-19 ,Depression,Mark Travers Ph.D.,2022-01-19,Social Instincts,psychologytoday.com/intl/blog/social-instincts/202201/depression-rises-in-germany-due-covid-19
137,The Underestimated Pain of Isolation,Relationships,"Avrum Weiss, Ph.D.",2022-01-19,From Fear to Intimacy,psychologytoday.com/intl/blog/fear-intimacy/202201/the-underestimated-pain-isolation
138,9 Ways to Make Your Partner Your Best Friend,Relationships,Leon F. Seltzer Ph.D.,2022-01-19,Evolution of the Self,psychologytoday.com/intl/blog/evolution-the-self/202201/9-ways-make-your-partner-your-best-friend
139,4 Reasons Why Your Child Is Not Listening,Parenting,Bre-Ann Slay PsyD,2022-01-19,For the Culture,psychologytoday.com/intl/blog/the-culture/202201/4-reasons-why-your-child-is-not-listening
140,Setting Our Sons Up for Success,Work,Lee Bare Ph.D.,2022-01-19,Boys Will Be Boys,psychologytoday.com/intl/blog/boys-will-be-boys/202201/setting-our-sons-success
141,How Best to Play With Your Kids,Parenting,Robert Taibbi L.C.S.W.,2022-01-19,Fixing Families,psychologytoday.com/intl/blog/fixing-families/202201/how-best-play-your-kids
142,3 Ways to Discover Something Richer Than Happiness,Happiness,Trevicia Williams Ph.D.,2022-01-19,Strong Lives,psychologytoday.com/intl/blog/strong-lives/202201/3-ways-discover-something-richer-happiness
143,How to Reduce Social Anxiety,Anxiety,Marty Nemko Ph.D.,2022-01-19,How To Do Life,psychologytoday.com/intl/blog/how-do-life/202201/how-reduce-social-anxiety
144,The Strategic Singlehood of Black Women,Race and Ethnicity,Bella DePaulo Ph.D.,2022-01-19,Living Single,psychologytoday.com/intl/blog/living-single/202201/the-strategic-singlehood-black-women
145,Being Kind to Yourself,Self-Help,"Shoba Sreenivasan, Ph.D., and Linda E. Weinberger, Ph.D.",2022-01-19,Emotional Nourishment,psychologytoday.com/intl/blog/emotional-nourishment/202201/being-kind-yourself
146,When You Need to Divorce or Disown a Family Member,Relationships,Barton Goldsmith Ph.D.,2022-01-19,Emotional Fitness,psychologytoday.com/intl/blog/emotional-fitness/202201/when-you-need-divorce-or-disown-family-member
147,Which People Have the Most Sex?,Sex,Elyakim Kislev Ph.D.,2022-01-19,Happy Singlehood,psychologytoday.com/intl/blog/happy-singlehood/202201/which-people-have-the-most-sex
148,Let’s Resolve to Be More and Do Less In 2022,Stress,Allison E McWilliams Ph.D.,2022-01-18,Your Awesome Career,psychologytoday.com/intl/blog/your-awesome-career/202201/let-s-resolve-be-more-and-do-less-in-2022
149,How Uncertain Incentives Affect Motivation,Parenting,Angela Duckworth Ph.D.,2022-01-18,Actionable Advice to Help Kids Thrive,psychologytoday.com/intl/blog/actionable-advice-help-kids-thrive/202201/how-uncertain-incentives-affect-motivation
150,The One Essential Ingredient for Happiness and Well-Being,Happiness,Arash Emamzadeh,2022-01-18,Finding a New Home,psychologytoday.com/intl/blog/finding-new-home/202201/the-one-essential-ingredient-happiness-and-well-being
151,"Sex as Transaction, Communication, or Romantic Love?",Relationships,"Roni Beth Tower Ph.D., ABPP",2022-01-18,"Life, Refracted",psychologytoday.com/intl/blog/life-refracted/202201/sex-transaction-communication-or-romantic-love
152,How Lit Taught Us That It’s Okay to Be Our Own Worst Enemy,Creativity,Michael Friedman Ph.D.,2022-01-18,Brick by Brick,psychologytoday.com/intl/blog/brick-brick/202201/how-lit-taught-us-it-s-okay-be-our-own-worst-enemy
153,"It's Post-Separation Legal Abuse, Not High Conflict Divorce",Relationships,Lisa Aronson Fontes Ph.D.,2022-01-18,Invisible Chains,psychologytoday.com/intl/blog/invisible-chains/202201/its-post-separation-legal-abuse-not-high-conflict-divorce
154,Eight Ways to Become a Better Thinker,Intelligence,Marty Nemko Ph.D.,2022-01-18,How To Do Life,psychologytoday.com/intl/blog/how-do-life/202201/eight-ways-become-better-thinker
155,Pandemic Fatigue and a Search for Authenticity Are Reshaping the News,Media,Patrick L. Plaisance Ph.D.,2022-01-18,Virtue in the Media World,psychologytoday.com/intl/blog/virtue-in-the-media-world/202201/pandemic-fatigue-and-search-authenticity-are-reshaping-the
156,Five Key Lessons from Britney Spears’ Conservatorship,Law and Crime,Carolyn Reinach Wolf,2022-01-18,From the Desk of the Mental Health Lawyer,psychologytoday.com/intl/blog/the-desk-the-mental-health-lawyer/202201/five-key-lessons-britney-spears-conservatorship
157,Stigmatizing Language in Mental Health and Addiction ,Addiction,"Kristen Fuller, M.D.",2022-01-18,Happiness Is a State of Mind,psychologytoday.com/intl/blog/happiness-is-state-mind/202201/stigmatizing-language-in-mental-health-and-addiction
158,COVID Left Us Languishing. Here’s Why We Should Care.,Resilience,"Doreen Dodgen-Magee, Psy.D.",2022-01-18,Deviced!,psychologytoday.com/intl/blog/deviced/202201/covid-left-us-languishing-here-s-why-we-should-care
159,Interview with Jacquelyn Mitchard: The Good Son,Forgiveness,Jennifer Haupt,2022-01-18,One True Thing,psychologytoday.com/intl/blog/one-true-thing/202201/interview-jacquelyn-mitchard-the-good-son
160,How Facing Fears Helps to Protect Your Mental Health ,Self-Help,Jennifer Guttman Psy.D.,2022-01-18,Sustainable Life Satisfaction,psychologytoday.com/intl/blog/sustainable-life-satisfaction/202201/how-facing-fears-helps-protect-your-mental-health
161,What’s in a Song? Exploring Social Commentary in Lyrics,Politics,Anthony F. Lemieux Ph.D.,2022-01-18,Dangerous Minds,psychologytoday.com/intl/blog/dangerous-minds/202201/what-s-in-song-exploring-social-commentary-in-lyrics
162,Retirement Is Like a Rorschach Test,Aging,Connie Zweig Ph.D.,2022-01-18,Shifting from Role to Soul,psychologytoday.com/intl/blog/shifting-role-soul/202201/retirement-is-rorschach-test
163,Effective Employee Feedback in Five Steps,Work,Jaclyn Margolis Ph.D.,2022-01-18,Shifting Workplace Dynamics,psychologytoday.com/intl/blog/shifting-workplace-dynamics/202201/effective-employee-feedback-in-five-steps
164,The Female Psychopath’s Use of Devaluation,Psychopathy,Winifred Rule,2022-01-18,Surviving the Female Psychopath,psychologytoday.com/intl/blog/surviving-the-female-psychopath/202201/the-female-psychopath-s-use-devaluation
165,When the Train Derails: Family Planning in the Face of Infertility ,Parenting,Stephanie Cox MS,2022-01-18,Family Prep,psychologytoday.com/intl/blog/family-prep/202201/when-the-train-derails-family-planning-in-the-face-infertility
166,Tips for Pandemic-Weary Parents and Caregivers,Child Development,Rahil D. Briggs PsyD,2022-01-18,On Babies,psychologytoday.com/intl/blog/babies/202201/tips-pandemic-weary-parents-and-caregivers
167,4 Leadership Trends to Watch in 2022,Work,David Rock,2022-01-18,Your Brain at Work,psychologytoday.com/intl/blog/your-brain-work/202201/4-leadership-trends-watch-in-2022
168,Does Treating Insomnia Help Prevent Depression?,Depression,"Eugene Rubin M.D., Ph.D.",2022-01-18,Demystifying Psychiatry,psychologytoday.com/intl/blog/demystifying-psychiatry/202201/does-treating-insomnia-help-prevent-depression
169,7 Ways to Increase Your Sexual Satisfaction,Sex,Nan J. Wise Ph.D.,2022-01-18,Why Good Sex Matters,psychologytoday.com/intl/blog/why-good-sex-matters/202201/7-ways-increase-your-sexual-satisfaction
170,"Managing High Sensitivity, Then and Now",Highly Sensitive Person,Melissa Rampelli Ph.D.,2022-01-18,The Fainting Couch,psychologytoday.com/intl/blog/the-fainting-couch/202201/managing-high-sensitivity-then-and-now
171,Health Anxiety and Unrealistic Expectations of Doctors and Tests,Anxiety,"Brittney Chesworth Ph.D., LCSW",2022-01-18,Managing Health Anxiety,psychologytoday.com/intl/blog/managing-health-anxiety/202201/health-anxiety-and-unrealistic-expectations-doctors-and-tests
172,"Why ""Doing It All"" Feels Especially Hard During COVID",Parenting,Julia Englund Strait Ph.D.,2022-01-18,This Emotional Mind,psychologytoday.com/intl/blog/emotional-mind/202201/why-doing-it-all-feels-especially-hard-during-covid
173,That First Day of Class: What to Do or Not to Do,Education,Dana S Dunn Ph.D.,2022-01-18,Head of the Class,psychologytoday.com/intl/blog/head-the-class/202201/first-day-class-what-do-or-not-do
174,The All-Purpose Way to Understand Personality,Personality,Susan Krauss Whitbourne Ph.D.,2022-01-18,Fulfillment at Any Age,psychologytoday.com/intl/blog/fulfillment-any-age/202201/the-all-purpose-way-understand-personality
175,My Hair Has Its Own Psychology: A Personal Journey ,Anxiety,Caroline Leavitt,2022-01-18,Runs in the Family,psychologytoday.com/intl/blog/runs-in-the-family/202201/my-hair-has-its-own-psychology-personal-journey
176,2 Concepts That Bolster the Understated Skill of Leadership,Relationships,"Alli Spotts-De Lazzer, MA, LMFT, LPCC, CEDS-S",2022-01-18,MeaningFULL ,psychologytoday.com/intl/blog/meaningfull/202201/2-concepts-bolster-the-understated-skill-leadership
177,"5 Hidden Gifts of ""Feeling Sorry for Yourself""",Self-Help,Jennifer Lock Oman LISW,2022-01-18,Knowing Feeling,psychologytoday.com/intl/blog/knowing-feeling/202201/5-hidden-gifts-feeling-sorry-yourself
178,"5 Hidden Gifts of ""Feeling Sorry for Yourself""",Self-Help,Jennifer Lock Oman LISW,2022-01-18,Knowing Feeling,psychologytoday.com/intl/blog/knowing-feeling/202201/5-hidden-gifts-feeling-sorry-yourself
179,4 Easy Steps to Intention Setting,Self-Help,Georgia Witkin Ph.D.,2022-01-18,The Chronicles of Infertility ,psychologytoday.com/intl/blog/the-chronicles-infertility/202201/4-easy-steps-intention-setting
180,The Lighter and Shadowy Sides of Being the Black Sheep,Resilience,Annie Wright LMFT,2022-01-18,Making the Whole Beautiful,psychologytoday.com/intl/blog/making-the-whole-beautiful/202201/the-lighter-and-shadowy-sides-being-the-black-sheep
181,The Power of Personal Problems in Adolescent Life,Parenting,Carl E Pickhardt Ph.D.,2022-01-18,Surviving (Your Child's) Adolescence,psychologytoday.com/intl/blog/surviving-your-childs-adolescence/202201/the-power-personal-problems-in-adolescent-life
182,How to Have a Child-Centered Divorce,Divorce,Ann Gold Buscho Ph.D.,2022-01-18,A Better Divorce,psychologytoday.com/intl/blog/better-divorce/202201/how-have-child-centered-divorce
183,A Wu-Wei Paradox: Striving to Win at All Costs Inhibits Flow,Sport and Competition,Christopher Bergland,2022-01-18,The Athlete's Way ,psychologytoday.com/intl/blog/the-athletes-way/202201/wu-wei-paradox-striving-win-all-costs-inhibits-flow
184,"When the News Is Personal: Teens, Anxiety, and Depression",Anxiety,Mackenzie Littledale,2022-01-18,From Margin to Mainstream,psychologytoday.com/intl/blog/margin-mainstream/202201/when-the-news-is-personal-teens-anxiety-and-depression
185,How Do People Change?,Neuroscience,"Kristen Lee Ed.D., LICSW",2022-01-18,Rethink Your Way to the Good Life,psychologytoday.com/intl/blog/rethink-your-way-the-good-life/202201/how-do-people-change
186,"""I Think I Have a Problem With Drugs...Now What?""",Addiction,"Amanda L. Giordano Ph.D., LPC",2022-01-18,Understanding Addiction,psychologytoday.com/intl/blog/understanding-addiction/202201/i-think-i-have-problem-drugsnow-what
187,Understanding and Cultivating Your Resources,Race and Ethnicity,"Resmaa Menakem MSW, LICSW, SEP",2022-01-18,Somatic Abolitionism,psychologytoday.com/intl/blog/somatic-abolitionism/202201/understanding-and-cultivating-your-resources
188,Thinking Is Easy. Rethinking Is Hard.   ,Therapy,"Jeffrey S. Nevid, Ph.D., ABPP",2022-01-18,The Minute Therapist,psychologytoday.com/intl/blog/the-minute-therapist/202201/thinking-is-easy-rethinking-is-hard
189,Try a Little Brain Talk to Achieve Better Attention,Attention,Joseph Cardillo Ph.D.,2022-01-18,Attention Training,psychologytoday.com/intl/blog/attention-training/202201/try-little-brain-talk-achieve-better-attention
190,9 Ways to Eat Healthy in 2022 ,Eating Disorders,"Gia Marson, Ed.D., and Danielle Keenan-Miller, Ph.D.",2022-01-18,The Binge Eating Prevention Plan,psychologytoday.com/intl/blog/the-binge-eating-prevention-plan/202201/9-ways-eat-healthy-in-2022
191,How Stereotypic Portrayals of Manhood Disadvantage Our Boys,Parenting,Adam A. Rogers Ph.D.,2022-01-18,Thriving Teens,psychologytoday.com/intl/blog/thriving-teens/202201/how-stereotypic-portrayals-manhood-disadvantage-our-boys
192,Healing Pain and Ending Suffering ,Happiness,Robert Puff Ph.D.,2022-01-17,Meditation for Modern Life,psychologytoday.com/intl/blog/meditation-modern-life/202201/healing-pain-and-ending-suffering
193,Is It Ever Moral to Declare Someone a Total Jerk?,Politics,"Jeremy E. Sherman Ph.D., MPP",2022-01-17,Jerkology,psychologytoday.com/intl/blog/jerkology/202201/is-it-ever-moral-declare-someone-total-jerk
194,The Cost of Loving a Narcissist,Narcissism,Kristy Lee Hochenberger,2022-01-17,Love in the Age of Narcissism,psychologytoday.com/intl/blog/love-in-the-age-narcissism/202201/the-cost-loving-narcissist
195,How to Aggravate a College Professor,Education,Joanne Broder Sumerson Ph.D.,2022-01-17,Research Notes,psychologytoday.com/intl/blog/research-notes/202201/how-aggravate-college-professor
196,Cannabis and Psychosis: New Research,Psychosis,Timmen L. Cermak MD,2022-01-17,Healing from Addiction,psychologytoday.com/intl/blog/healing-addiction/202201/cannabis-and-psychosis-new-research
197,Had Enough of Silly Love Songs?,Relationships,Steven Taylor Ph.D.,2022-01-17,"You, Me, & Psychology",psychologytoday.com/intl/blog/you-me-psychology/202201/had-enough-silly-love-songs
198,From Dolphin Trainer to Humanistic Bullying Expert,Bullying,Izzy Kalman,2022-01-17,Resilience to Bullying,psychologytoday.com/intl/blog/resilience-bullying/202201/dolphin-trainer-humanistic-bullying-expert
199,Are Father-Daughter Relationships Good or Bad for Your Health?,Relationships,Linda Nielsen Ed.D.,2022-01-17,Fathers & Daughters,psychologytoday.com/intl/blog/fathers-daughters/202201/are-father-daughter-relationships-good-or-bad-your-health
200,The Link Between OCD and Eating Disorders in Adolescence,OCD,"Albert Rothenberg, M.D.",2022-01-17,Creative Explorations,psychologytoday.com/intl/blog/creative-explorations/202201/the-link-between-ocd-and-eating-disorders-in-adolescence
201,A Few Certain Things About Living With Uncertainty,Depression,David Scharff M.D.,2022-01-17,A Psychoanalytic Exploration,psychologytoday.com/intl/blog/psychoanalytic-exploration/202201/few-certain-things-about-living-uncertainty
202,"Justice, Nationalism, Christianity, and Race",Politics,Nick Byrd Ph.D.,2022-01-17,Upon Reflection,psychologytoday.com/intl/blog/upon-reflection/202201/justice-nationalism-christianity-and-race
203,Together Alone: Do Your Kids Have the Skills to Be Happy?,Parenting,Nancy Darling Ph.D.,2022-01-17,Thinking About Kids,psychologytoday.com/intl/blog/thinking-about-kids/202201/together-alone-do-your-kids-have-the-skills-be-happy
204,Does Intuitive Eating Work When Your Appetite Is Controlled?,Diet,Judith J. Wurtman Ph.D.,2022-01-17,The Antidepressant Diet,psychologytoday.com/intl/blog/the-antidepressant-diet/202201/does-intuitive-eating-work-when-your-appetite-is-controlled
205,It's Okay to Stay Together for the Kids: The Co-Parent Solution,Marriage,Susan Pease Gadoua L.C.S.W.,2022-01-17,Contemplating Divorce,psychologytoday.com/intl/blog/contemplating-divorce/202201/its-okay-stay-together-the-kids-the-co-parent-solution
206,Why We Overvalue and Devalue People,Personality,Christine B. L. Adams M.D.,2022-01-17,Living on Automatic ,psychologytoday.com/intl/blog/living-automatic/202201/why-we-overvalue-and-devalue-people
207,How Art Can Help You Cope with the Confusing COVID Reality,Stress,Cynthia Baum-Baicker Ph.D.,2022-01-17,Clinical Wisdom for a New World,psychologytoday.com/intl/blog/clinical-wisdom-new-world/202201/how-art-can-help-you-cope-the-confusing-covid-reality
208,4 Ways to Know Your Worth,Self-Esteem,"Tchiki Davis, Ph.D.",2022-01-17,Click Here for Happiness,psychologytoday.com/intl/blog/click-here-happiness/202201/4-ways-know-your-worth
209,Your Body’s Most Powerful Influencer,Health,"Jessica Del Pozo, Ph.D.",2022-01-17,Being Awake Better,psychologytoday.com/intl/blog/being-awake-better/202201/your-body-s-most-powerful-influencer
210,Put Your Dreams to Work: How to Maximize Your Sleep,Sleep,Brad Waters,2022-01-17,Design Your Path,psychologytoday.com/intl/blog/design-your-path/202201/put-your-dreams-work-how-maximize-your-sleep
211, 5 Ways to Manage Disappointment,Depression,Barbara Greenberg Ph.D.,2022-01-17,The Teen Doctor,psychologytoday.com/intl/blog/the-teen-doctor/202201/5-ways-manage-disappointment
212,The Power of Being “The Black Sheep” of the Family,Therapy,Annie Wright LMFT,2022-01-17,Making the Whole Beautiful,psychologytoday.com/intl/blog/making-the-whole-beautiful/202201/the-power-being-the-black-sheep-the-family
213,Find Rest When You Are Weary,Self-Help,Rick Hanson Ph.D.,2022-01-17,Your Wise Brain,psychologytoday.com/intl/blog/your-wise-brain/202201/find-rest-when-you-are-weary
214,Is Food My Friend or My Enemy?,Diet,Gary Wenk Ph.D.,2022-01-17,Your Brain on Food,psychologytoday.com/intl/blog/your-brain-food/202201/is-food-my-friend-or-my-enemy
215,The Problem With White Supremacy,Race and Ethnicity,Timothy A Carey Ph.D.,2022-01-17,In Control,psychologytoday.com/intl/blog/in-control/202201/the-problem-white-supremacy
216,Using Self-Care to Motivate You,Health,Kristen A Carter M.S.,2022-01-17,Health and Human Nature,psychologytoday.com/intl/blog/health-and-human-nature/202201/using-self-care-motivate-you
217,Processing Grief,Self-Help,Ran D. Anbar M.D.,2022-01-17,Understanding Hypnosis,psychologytoday.com/intl/blog/understanding-hypnosis/202201/processing-grief
218,Should You Reconcile with an Estranged Sibling?,Family Dynamics,Fern Schumer Chapman,2022-01-17,"Brothers, Sisters, Strangers",psychologytoday.com/intl/blog/brothers-sisters-strangers/202201/should-you-reconcile-estranged-sibling
219,5 Essential Memory Tips,Memory,Tracy P Alloway Ph.D.,2022-01-17,Keep It in Mind ,psychologytoday.com/intl/blog/keep-it-in-mind/202201/5-essential-memory-tips
220,What Is Erotic Hypnosis—and Does It Work?,Sex,David J. Ley Ph.D.,2022-01-17,Women Who Stray,psychologytoday.com/intl/blog/women-who-stray/202201/what-is-erotic-hypnosis-and-does-it-work
221,Dietary Self-Regulation: Milkshakes and Dietary Restraint ,Self-Control,Emily T. Troscianko,2022-01-17,A Hunger Artist,psychologytoday.com/intl/blog/hunger-artist/202201/dietary-self-regulation-milkshakes-and-dietary-restraint
222, One Simple Choice Enhances the Benefits of Gratitude,Happiness,"Grant Hilary Brenner MD, DFAPA",2022-01-17,ExperiMentations,psychologytoday.com/intl/blog/experimentations/202201/one-simple-choice-enhances-the-benefits-gratitude
223,Education Can Free People to Choose Their Relationships ,Education,Elyakim Kislev Ph.D.,2022-01-17,Happy Singlehood,psychologytoday.com/intl/blog/happy-singlehood/202201/education-can-free-people-choose-their-relationships
224,How I Stopped Battling My Son Over Screen Time ,Parenting,Becky Diamond,2022-01-17,Risking It,psychologytoday.com/intl/blog/risking-it/202201/how-i-stopped-battling-my-son-over-screen-time
225,Composing Life Stories in a Digital World ,Memory,"Peter T. Bryant, Ph.D.",2022-01-17,Augmented Humanity,psychologytoday.com/intl/blog/augmented-humanity/202201/composing-life-stories-in-digital-world
226,Honoring the Memory of Dr. Martin Luther King Jr. ,Ethics and Morality,"Elizabeth A. Segal, Ph.D.",2022-01-17,Social Empathy,psychologytoday.com/intl/blog/social-empathy/202201/honoring-the-memory-dr-martin-luther-king-jr
227,Deciphering the Laughter of Astonishment ,Evolutionary Psychology,John Charles Simon,2022-01-17,Laughter and Humor 101,psychologytoday.com/intl/blog/laughter-and-humor-101/202201/deciphering-the-laughter-astonishment
228,How to Get the Most Out of Your Calendar ,Work,Nir Eyal,2022-01-17,Automatic You,psychologytoday.com/intl/blog/automatic-you/202201/how-get-the-most-out-your-calendar
229,What Good Enough Mothers Do,Parenting,Darcia F. Narvaez Ph.D.,2022-01-16,Moral Landscapes,psychologytoday.com/intl/blog/moral-landscapes/202201/what-good-enough-mothers-do
230,3 Tips on How to Make Your Goals Come True in 2022 ,Motivation,Alina Liu Psy.D.,2022-01-16,A Therapist's Education,psychologytoday.com/intl/blog/therapists-education/202201/3-tips-how-make-your-goals-come-true-in-2022
231,A Better Way to Navigate Love ,Relationships,Todd W. Gaffaney Ph.D.,2022-01-16,A New Science of Love and Intimacy,psychologytoday.com/intl/blog/new-science-love-and-intimacy/202201/better-way-navigate-love
232,How to Better Support a Loved One With Cancer,Health,"Jennifer Kilkus Ph.D., ABPP",2022-01-16,Navigating Cancer,psychologytoday.com/intl/blog/navigating-cancer/202201/how-better-support-loved-one-cancer
233,Mixed Feelings About Collaboration? Welcome to the Club,Work,Debra Mashek Ph.D.,2022-01-16,"Relationships, Intimate and More",psychologytoday.com/intl/blog/relationships-intimate-and-more/202201/mixed-feelings-about-collaboration-welcome-the-club
234,Practicing Self-Compassion Amidst the Chaos and Unknown ,Happiness,Leah Marone LCSW,2022-01-16,Gaining and Sustaining,psychologytoday.com/intl/blog/gaining-and-sustaining/202201/practicing-self-compassion-amidst-the-chaos-and-unknown
235,The Major Problem With Research on Intimate Relationships ,Relationships,Madeleine A. Fugère Ph.D.,2022-01-16,Dating and Mating,psychologytoday.com/intl/blog/dating-and-mating/202201/the-major-problem-research-intimate-relationships
236,OCD Is a Tug-of-War That You Win by Letting Go,OCD,Levi Riven Ph.D.,2022-01-16,Demystifying OCD,psychologytoday.com/intl/blog/demystifying-ocd/202201/ocd-is-tug-war-you-win-letting-go
237,The Psychobiology of Conception ,Parenting,Thomas R. Verny M.D.,2022-01-16,Explorations of the Mind,psychologytoday.com/intl/blog/explorations-the-mind/202201/the-psychobiology-conception
238,2 Childhood Diagnoses You Should Think Twice About ,Parenting,Anthony D. Smith LMHC,2022-01-16,Up and Running,psychologytoday.com/intl/blog/and-running/202201/2-childhood-diagnoses-you-should-think-twice-about
239,Opening Up to Someone Whose Style Is Very Different,Relationships,Francine Toder Ph.D.,2022-01-16,Enhance Your Vintage Years,psychologytoday.com/intl/blog/enhance-your-vintage-years/202201/opening-someone-whose-style-is-very-different
240,The Legacy of Twinship: Raveling and Unraveling Identity,Relationships,"Barbara Klein Ph.D., Ed.D.",2022-01-16,Twin Dilemmas,psychologytoday.com/intl/blog/twin-dilemmas/202201/the-legacy-twinship-raveling-and-unraveling-identity
241,Suggestions for the Worried Teen,Anxiety,Marty Nemko Ph.D.,2022-01-16,How To Do Life,psychologytoday.com/intl/blog/how-do-life/202201/suggestions-the-worried-teen
242,8 Essential Strategies for Deep Restorative Sleep ,Sleep,Lori S. Katz Ph.D.,2022-01-16,Healing from Sexual Trauma,psychologytoday.com/intl/blog/healing-sexual-trauma/202201/8-essential-strategies-deep-restorative-sleep
243,Is Emotional Neglect From Childhood Squelching Your Voice?,Child Development,Jonice Webb Ph.D.,2022-01-16,Childhood Emotional Neglect,psychologytoday.com/intl/blog/childhood-emotional-neglect/202201/is-emotional-neglect-childhood-squelching-your-voice
244,How Our Safety Behaviors Feed Anxiety ,Anxiety,Victoria Lemle Beckner Ph.D.,2022-01-16,Harnessing Principles of Change,psychologytoday.com/intl/blog/harnessing-principles-change/202201/how-our-safety-behaviors-feed-anxiety
245,"Stress, Sleep & Repeat: Reciprocal Stress-Sleep Associations",Sleep,"Odessa S. Hamilton MSc, MBPsS, FRSPH",2022-01-16,The Bridge,psychologytoday.com/intl/blog/the-bridge/202201/stress-sleep-repeat-reciprocal-stress-sleep-associations
246,7 Tips to Argue Constructively with Your Partner,Self-Help,Abigail Brenner M.D.,2022-01-16,In Flux,psychologytoday.com/intl/blog/in-flux/202201/7-tips-argue-constructively-your-partner
247,How to Help Kids with the Sunday Scaries and School Dread,Parenting,Alison Escalante M.D.,2022-01-16,Shouldstorm,psychologytoday.com/intl/blog/shouldstorm/202201/how-help-kids-the-sunday-scaries-and-school-dread
248,What Japan Can Teach Us About the Future of Relationships,Relationships,Elyakim Kislev Ph.D.,2022-01-16,Happy Singlehood,psychologytoday.com/intl/blog/happy-singlehood/202201/what-japan-can-teach-us-about-the-future-relationships
249, The Striking Similarities Between Infant and Adult Romantic Love,Relationships,Robert N. Johansen Ph.D.,2022-01-16,A New GPS for Intimate Relationships,psychologytoday.com/intl/blog/new-gps-intimate-relationships/202201/the-striking-similarities-between-infant-and-adult
250,Don't Pit People Against Animals,Ethics and Morality,"Zoe Weil M.A., M.T.S",2022-01-16,Becoming a Solutionary,psychologytoday.com/intl/blog/becoming-solutionary/202201/dont-pit-people-against-animals
251,The Truth About Casual Sex Today,Sex,Michael Castleman M.A.,2022-01-15,All About Sex,psychologytoday.com/intl/blog/all-about-sex/202201/the-truth-about-casual-sex-today
252,The Use of Shock Collars on Dogs,Animal Behavior,Marc Bekoff Ph.D.,2022-01-15,Animal Emotions,psychologytoday.com/intl/blog/animal-emotions/202201/the-use-shock-collars-dogs
253,The Threat Neurocircuitry That Underlies Depression and Anxiety,Anxiety,Neighborhood Psychiatry & Wellness,2022-01-15,Psychiatry for the People,psychologytoday.com/intl/blog/psychiatry-the-people/202201/the-threat-neurocircuitry-underlies-depression-and-anxiety
254,Psychological Hurdles in the Climate Crisis,Environment,"Ashley Pallathra, MA, and Edward Brodkin, MD",2022-01-15,Missing Each Other,psychologytoday.com/intl/blog/missing-each-other/202201/psychological-hurdles-in-the-climate-crisis
255,Can Microaggressions Be Teachable Moments?,Race and Ethnicity,Roberta Satow Ph.D.,2022-01-15,Life After 50,psychologytoday.com/intl/blog/life-after-50/202201/can-microaggressions-be-teachable-moments
256,When a Sibling Is Chronically Ill,Family Dynamics,"Katie Willard Virant MSW, JD, LCSW",2022-01-15,Chronically Me,psychologytoday.com/intl/blog/chronically-me/202201/when-sibling-is-chronically-ill
257,How Do I Know I'm Not the Abusive One?,Relationships,"Kaytee Gillis, LCSW-BACS",2022-01-15,Invisible Bruises,psychologytoday.com/intl/blog/invisible-bruises/202201/how-do-i-know-im-not-the-abusive-one
258,Identifying Who Is Single and Defining Who Is Living Alone,Relationships,Elyakim Kislev Ph.D.,2022-01-15,Happy Singlehood,psychologytoday.com/intl/blog/happy-singlehood/202201/identifying-who-is-single-and-defining-who-is-living-alone
259,Responding to Fast Trauma and Slow Trauma,Trauma,Daniel S. Lobel Ph.D.,2022-01-15,My Side of the Couch,psychologytoday.com/intl/blog/my-side-the-couch/202201/responding-fast-trauma-and-slow-trauma
260,9 Signs Your Partner Needs Help Staying Focused,Mindfulness,Susan Krauss Whitbourne Ph.D.,2022-01-15,Fulfillment at Any Age,psychologytoday.com/intl/blog/fulfillment-any-age/202201/9-signs-your-partner-needs-help-staying-focused
261,Anxious About Returning to Family Gatherings?  Go Prepared.,Self-Help,"Nancy Colier LCSW, Rev.",2022-01-15,Inviting a Monkey to Tea,psychologytoday.com/intl/blog/inviting-monkey-tea/202201/anxious-about-returning-family-gatherings-go-prepared
262,Putting Things into Spiritual Perspective,Spirituality,Ran D. Anbar M.D.,2022-01-15,Understanding Hypnosis,psychologytoday.com/intl/blog/understanding-hypnosis/202201/putting-things-spiritual-perspective
263,Craving Sweets? You Might Need More Sleep,Sleep,Chris Palmer M.D.,2022-01-15,Advancing Psychiatry,psychologytoday.com/intl/blog/advancing-psychiatry/202201/craving-sweets-you-might-need-more-sleep
264,Can Parents Be Both Individualist and Collectivist?,Parenting,"Jennifer E. Lansford, Ph.D.",2022-01-15,Parenting and Culture,psychologytoday.com/intl/blog/parenting-and-culture/202201/can-parents-be-both-individualist-and-collectivist
265,3 Signs You Need a Lifestyle Change,Stress,Sean Grover L.C.S.W.,2022-01-15,When Kids Call the Shots,psychologytoday.com/intl/blog/when-kids-call-the-shots/202201/3-signs-you-need-lifestyle-change
266,"Should You Be More Ambitious, or Less?",Work,Marty Nemko Ph.D.,2022-01-15,How To Do Life,psychologytoday.com/intl/blog/how-do-life/202201/should-you-be-more-ambitious-or-less
267,Your Sense of Belonging in Modern Times,Relationships,Kelly-Ann Allen Ph.D.,2022-01-15,Sense of Belonging,psychologytoday.com/intl/blog/sense-belonging/202201/your-sense-belonging-in-modern-times
268,How to Know if You're Ready for a Serious Relationship,Relationships,"Caitlin Cantor LCSW, CST, CGT",2022-01-15,Modern Sex,psychologytoday.com/intl/blog/modern-sex/202201/how-know-if-youre-ready-serious-relationship
269,TV Ads Probably Won't Change Your Mind,Media,Alan Jern Ph.D.,2022-01-14,Overthinking TV,psychologytoday.com/intl/blog/overthinking-tv/202201/tv-ads-probably-wont-change-your-mind
270,What Causes Romantic Jealousy?,Jealousy,Arash Emamzadeh,2022-01-14,Finding a New Home,psychologytoday.com/intl/blog/finding-new-home/202201/what-causes-romantic-jealousy
271,Is It OK to Ask a Therapist Personal Questions?,Therapy,Abigail Fagan,2022-01-14,The Therapy Center,psychologytoday.com/intl/blog/the-therapy-center/202201/is-it-ok-ask-therapist-personal-questions
272,People-Pleasers: Are You Driving People Away?,Self-Help,"Teyhou Smyth Ph.D., LMFT",2022-01-14,Living with Finesse,psychologytoday.com/intl/blog/living-finesse/202201/people-pleasers-are-you-driving-people-away
273,"No, The Problem With America Isn't ""Mass Psychosis""",Psychosis,Joe Pierre M.D.,2022-01-14,Psych Unseen,psychologytoday.com/intl/blog/psych-unseen/202201/no-the-problem-america-isnt-mass-psychosis
274,Your Marriage Vows Do Not Entitle You to Anything,Marriage,Catherine Aponte Psy.D.,2022-01-14,A Marriage of Equals,psychologytoday.com/intl/blog/marriage-equals/202201/your-marriage-vows-do-not-entitle-you-anything
275,Multi-Level Marketing Groups Operate Much Like Cults,Education,Steven A Hassan PhD,2022-01-14,Freedom of Mind,psychologytoday.com/intl/blog/freedom-mind/202201/multi-level-marketing-groups-operate-much-cults
276,What Drives Emotional Abuse? ,Relationships,"Berit Brogaard D.M.Sci., Ph.D",2022-01-14,The Mysteries of Love,psychologytoday.com/intl/blog/the-mysteries-love/202201/what-drives-emotional-abuse
277,How We Process Under Pressure: Stress and Automatic Behavior,Stress,Matthew J. Sharps Ph.D.,2022-01-14,The Forensic View,psychologytoday.com/intl/blog/the-forensic-view/202201/how-we-process-under-pressure-stress-and-automatic-behavior
278,Four Miserable Myths of Sex and Relationships,Sex,"Isadora Alman MFT, CST",2022-01-14,Sex & Sociability,psychologytoday.com/intl/blog/sex-sociability/202201/four-miserable-myths-sex-and-relationships
279,Pandemic Blues: Lessons from Psychotherapy for Everyday Life,Therapy,"Gil Noam Ed.D., Dr. Habil",2022-01-14,The Inner Life of Students,psychologytoday.com/intl/blog/the-inner-life-students/202201/pandemic-blues-lessons-psychotherapy-everyday-life
280,Seeking Wisdom: A Book Review,Creativity,Alison Escalante M.D.,2022-01-14,Shouldstorm,psychologytoday.com/intl/blog/shouldstorm/202201/seeking-wisdom-book-review
281,How Movie Villains Inform the Way We View Psychopaths,Media,Troy Rondinone Ph.D.,2022-01-14,The Asylum,psychologytoday.com/intl/blog/the-asylum/202201/how-movie-villains-inform-the-way-we-view-psychopaths
282,What Causes Your Panic Attacks?,Anxiety,Bonnie Zucker Ph.D.,2022-01-14,Liberate Yourself,psychologytoday.com/intl/blog/liberate-yourself/202201/what-causes-your-panic-attacks
283,Wounded Again: How Past Trauma Can Upend a Relationship,Trauma,Randi Gunther Ph.D.,2022-01-14,Rediscovering Love,psychologytoday.com/intl/blog/rediscovering-love/202201/wounded-again-how-past-trauma-can-upend-relationship
284,How to Optimize Workplace Culture,Work,Craig Beach M.D.,2022-01-14,Optimizing Workplace Culture,psychologytoday.com/intl/blog/optimizing-workplace-culture/202201/how-optimize-workplace-culture
285,4 Ways Work Will Look Different in 2022,Work,"Scott Dust, Ph.D.",2022-01-14,What We Really Want in a Leader,psychologytoday.com/intl/blog/what-we-really-want-in-leader/202201/4-ways-work-will-look-different-in-2022
286,"Yes, We’re Still in the Second Demographic Transition",Relationships,Elyakim Kislev Ph.D.,2022-01-14,Happy Singlehood,psychologytoday.com/intl/blog/happy-singlehood/202201/yes-we-re-still-in-the-second-demographic-transition
287,Why the 'Great Resignation' is a Great Time to Stay at Your Job,Work,"Bruce Tulgan, JD",2022-01-14,Navigating the New Workplace,psychologytoday.com/intl/blog/navigating-the-new-workplace/202201/why-the-great-resignation-is-great-time-stay-your-job
288,Partisan Pandemic? How Politics Affects COVID Responses,Politics,Monk Prayogshala Research Institution,2022-01-14,Non-WEIRD Science,psychologytoday.com/intl/blog/non-weird-science/202201/partisan-pandemic-how-politics-affects-covid-responses
289,The Psychology of Humor,Happiness,Marty Nemko Ph.D.,2022-01-14,How To Do Life,psychologytoday.com/intl/blog/how-do-life/202201/the-psychology-humor
290,Digital Versus Print: Which Mode Is Better for Learning?,Parenting,Bobby Hoffman Ph.D.,2022-01-14,Motivate!,psychologytoday.com/intl/blog/motivate/202201/digital-versus-print-which-mode-is-better-learning
291,Exposure to a Single Traumatic Stressor Can Change the Brain,Trauma,Marwa Azab Ph.D.,2022-01-14,Neuroscience in Everyday Life,psychologytoday.com/intl/blog/neuroscience-in-everyday-life/202201/exposure-single-traumatic-stressor-can-change-the-brain
292,Personal Politics Justify Views on Pandemic Rule-Breaking,Politics,Craig Harper Ph.D.,2022-01-14,Articles of Heterodoxy,psychologytoday.com/intl/blog/articles-heterodoxy/202201/personal-politics-justify-views-pandemic-rule-breaking
293,Having Children Changes How You Think About Human Nature,Parenting,Tony Evans Ph.D.,2022-01-13,Trust Games,psychologytoday.com/intl/blog/trust-games/202201/having-children-changes-how-you-think-about-human-nature
